State,FIPS State,Population2010-State,N of CDC Rows-State,Lack Health Insurance-State,Arthritis-State,Binge Drinking-State,High Blood Pressure-State,Take Blood Pressure Meds-State,Cancer Excl Skin Cancer-State,Asthma-State,Corornary Heart Disease-State,Routine Checkup-State,Cholesterol Screening-State,Colon Screening-State,COPD-State,Core Med Services Male-State,Core Med Services Female-State,Smoking CDC-State,Dental Visits-State,Diabetes CDC-State,High Cholesterol-State,Kidney Disease-State,No Leisure Physical Activities-State,Mammography CDC-State,Poor Mental Health-State,Obesity CDC-State,Pap Test-State,Poor Physical Health-State,Sleep Less Than 7 Hrs-State,Stroke-State,Teeth Lost-State,Population,N of Counties,% Low Birth Rate-State,% Smokers-State,% Obese-State,Food Environment Index-State,% Excessive Drinking-State,Teen Birth Rate-State,Primary Care Physician Rate-State,Dentist Rate-State,% Receiving HbA1c-State,% Mammography-State,% Unemployed-State,% Children in Poverty-State,Association Rate-State,Air Polution-State,Diabetes Prevalence-State,% Food Insecure-State,% Limited Access-State,Drug Overdose Mortality Rate-State,Household Income-State,% < 18-State,% 65 and over-State,% Female-State,% Rural-State
Alabama,1,964856,345,16.76429612,29.10237963,14.72434498,39.53231954,77.93535035,5.941826034,9.937707492,6.884344607,74.30044732,75.44340648,65.66928018,7.993880641,35.734114,31.68971805,20.18230399,59.32593154,13.78305136,38.1030389,3.258523655,29.51313543,81.98132664,14.34144121,36.64103897,84.75897523,14.51825754,38.81672478,4.056950675,18.66429944,4863300,67,10.08487108,19.41966226,34.62152271,6.936568174,15.69776091,36.09253458,65.21223825,46.75837291,85.04655895,63.29651476,6.050716855,24.73461742,12.26273141,10.97886209,13.69994664,39694.52349,7.870497377,14.45573877,47404.18596,22.55306068,16.13207082,51.56404088,40.56846386
Alaska,2,291826,55,12.4982726,19.71187111,19.45927813,26.67874487,62.51172514,5.074812388,9.272900975,4.44882567,56.81940266,68.59067527,61.24423458,5.026883485,38.98908459,33.21326681,18.06178408,65.15192923,7.544363422,34.38906369,2.202003591,17.47988116,71.16345219,11.38315811,27.65170958,78.9095485,10.62315249,31.32192265,2.240701651,13.05935592,741894,29,5.6407449,18.43097689,29.42632735,7.508424114,20.85790481,30.03849263,88.18574892,95.70100275,72.67582399,52.60403627,6.829279553,12.87892502,11.22642204, ,7.064687139,19383.74916,9.152489463,14.81696913,74702.03082,25.24983353,10.40660795,47.68363135,31.22765229
Arizona,4,3895587,1000,16.04581258,22.83477204,16.86977688,27.06696752,69.23391692,5.582600697,10.1137826,5.510515488,65.18938917,72.30389415,60.22654568,5.958727119,33.69638881,30.31750491,17.51593303,62.66832357,9.264115549,35.09885262,2.969488116,23.6383612,79.43061218,13.18811876,28.62874671, ,12.85534524,35.87266099,2.830705873,13.75252513,6931071,15,7.062108329,14.49492285,26.76381308,7.240655102,17.66165574,32.92034157,65.81694457,60.23600131,81.53313216,64.45114536,5.381263726,23.55737794,5.566006913,9.085653069,9.543485574,399735.7488,7.390898571,18.82269181,54141.40487,23.53881529,16.89383935,50.32665226,9.858951379
Arkansas,5,490357,118,13.43153111,24.72780729,15.42619296,34.38132034,74.79733215,5.868283108,9.488192684,6.440260667,69.98447172,70.7319559,62.15399209,7.258457002,36.19320883,28.7558281,21.94527151,59.5896816,10.59096311,36.02845417,2.894273764,30.27980716,76.30777332,15.23349029,34.16137997, ,14.28703373,35.48912221,3.238594738,19.6826353,2988248,75,8.813820611,20.0243336,34.49268073,6.70211542,15.0263084,43.77707611,65.75602823,45.07657924,84.29891987,58.25408289,4.081988328,24.22440376,12.01735635,10.42924339,12.81361483,22619.11386,8.600088753,10.74248181,45271.71853,23.59419299,16.28827326,50.87847461,43.08300663
California,6,22365173,5239,14.40941331,17.70452114,17.44313316,26.47959888,67.41636209,5.049973702,8.615538838,4.925968379,64.48523001,72.69790397,63.91470515,5.133445876,29.94081934,30.94836705,13.98321165,62.83673877,9.700564199,32.45262087,2.730607624,21.31355652,79.68293071,12.30706738,24.8644184,83.51033239,11.84952737,35.55802476,2.64021351,12.35924001,39250017,58,6.758502587,11.32800692,22.80349454,8.255700488,18.34181796,23.4365198,78.0445696,82.34900911,81.62850786,58.67203393,5.53528707,19.38826304,5.774272466,11.62161509,8.476884114,454094.6508,3.286928147,11.78760782,69486.8759,23.1665199,13.6219941,50.3354075,4.959324827
Colorado,8,2509950,684,13.26515803,21.40229307,19.78455288,24.23168163,67.09646108,5.647468914,9.062286579,4.689391103,59.82544589,72.2761067,62.47223403,4.743873982,35.73497241,32.67646838,16.91012526,65.65703448,6.723956613,30.88383964,2.464108767,16.2416639,73.84082253,11.43252702,22.93074683,82.64332628,10.6963277,29.11116329,2.50477141,11.80859722,5540545,64,8.81698063,14.25828293,20.57089109,8.129468744,20.70240113,24.56806587,80.39159071,77.483353,84.33621507,60.21233618,3.362454591,13.52697713,8.694668256,7.575024876,6.045067805,50276.92104,5.395799599,15.77297894,67371.06643,22.76620802,13.41969066,49.71942291,13.37884997
Connecticut,9,871494,220,14.42395186,22.64364803,16.23035936,30.47402059,71.42629037,5.436250852,10.56477727,5.619452228,71.18056475,73.6844723,65.76565553,6.320133013,28.42954834,27.68524763,18.01463797,66.41157082,10.74559871,34.49992794,2.984232479,26.8883663,83.12811195,13.72170549,30.50381598, ,13.12486477,38.51802055,3.157519042,14.82532834,3576452,8,7.784588694,12.35767667,25.18114676,8.296449107,18.94784224,13.58945404,84.77485929,84.44122712,86.60880762,67.73175954,5.091443113,13.09042249,9.420588155,8.453808859,8.557149096,84587.65312,4.332258135,22.23485923,75139.23995,21.06260618,16.14457569,51.19143218,11.84638806
Delaware,10,70851,24,17.20730688,24.33942499,14.90857857,37.86924391,76.56508447,5.529871138,10.78244061,6.489009329,77.09897108,72.22771027,58.20561178,7.598695855,29.76106195,28.76297582,24.18264809,51.82603915,14.13397835,35.21691155,3.568189581,33.55215452,82.57186349,14.76792847,36.92389239,83.63194168,14.43396847,43.55849318,4.371358202,24.63143781,952065,3,8.604247774,17.21173625,30.5631855,8.232676235,17.93845284,24.93326415,71.19111342,48.21099741,86.15508331,69.611404,4.390997438,17.84637005,10.03364895,9.772774548,11.37211325,46172.35022,4.672511436,23.61433799,62353.86025,21.45588799,17.53556742,51.61359781,17.20010533
District of Columbia,11,601690,178,8.025971514,18.48194319,23.81344264,28.97663348,72.64391946,4.819403347,10.21925975,4.458112317,78.9738219,77.2153742,66.78228091,5.2812543,30.21596088,27.38548671,17.80279912,73.82812478,9.294484369,31.02142681,2.70665808,17.79275291,81.97190646,11.25425967,25.86186325,87.07715019,9.360341372,36.96601855,3.137993984,15.34219864,681170,1,9.952003876,16.68600618,22.8,8.4,28.00474195,34.0600037,114.84199,119.64708,79.72520698,62.38728049,6.014045173,27.6,27.49067281,10.9,8,82340,0.78589846,24.35035489,74093,17.74784562,11.55232908,52.54782213,0
Florida,12,5165818,1295,23.48914325,22.44160849,17.30902963,31.91824696,75.2597173,6.118810264,8.029480771,6.698583554,75.95180122,75.88743634,59.63828592,7.300196329,30.19817063,28.43009295,18.17641949,59.1059379,11.70276208,35.96360596,3.190396739,30.93246117,80.87502663,13.27776178,29.18704747,81.90179774,13.71039903,37.03667375,3.577503795,16.64930315,20612439,67,8.575221567,15.70505572,25.89957601,7.481456066,18.4752978,25.68350382,72.61968753,57.64965591,85.62774508,65.57744447,4.921984587,21.34072245,7.140949661,7.281005843,10.57340361,133810.1211,7.166264097,17.29039136,51096.92538,20.11752224,19.86624193,51.14527204,8.645785617
Georgia,13,1551648,444,19.16657515,22.5355627,15.09464872,35.4425969,73.31165703,5.310211401,9.388675331,5.663720444,75.55221842,74.67795041,61.39762195,6.79272741,30.87979522,31.43812147,19.4484191,60.91838432,11.64255231,33.77612564,3.084524132,29.04863017,82.51765433,13.31084621,30.97520971,83.81064281,12.62087735,39.55341237,3.673139784,19.41974726,10310371,159,9.41577139,17.43890003,30.20917876,7.071518843,16.077561,32.0551496,65.76972102,50.40555711,85.41323227,61.77948068,5.435146673,23.48697959,8.856582227,10.33255227,11.28506547,54756.58275,9.000394004,11.74394665,55978.95174,24.35939502,13.13882885,51.30665036,24.03273238
Hawaii,15,953161,234,10.09412145,19.88871639,17.88593302,31.32204412,73.34102969,5.403150465,9.608866603,4.959348316,71.54454851,71.12967841,66.90250734,4.077141742,30.70142316,30.15759163,13.90349846,72.1110741,10.26437255,35.39005572,2.894952584,21.58185354,80.39963217,9.720812014,22.99874523,81.45628619,9.462873743,47.04134653,2.52234932,7.040945968,1428557,5,8.220697289,12.06003294,22.26349232,7.906122962,19.49976012,25.60132164,87.21436328,85.12085761,84.37820182,63.07131696,3.021273344,11.18103275,6.490136465, ,8.83371024,90055.48749,6.977126679,12.07883192,74445.17436,21.56133777,17.07751248,49.76644264,8.218192283
Idaho,16,362311,67,16.19313352,21.49061497,17.97273503,27.70864534,63.76253688,5.925003105,9.235427299,5.245066807,57.86655498,70.45554041,59.51551706,5.254413198,38.36040308,31.79957219,15.24420484,67.08800809,8.156889247,35.89520495,2.491637019,19.32000188,69.63325679,12.51101209,26.80942146,79.81231759,10.72498544,29.00854459,2.616535794,14.07037738,1683140,44,6.561096451,14.35306911,28.73307954,7.667394988,17.22021764,26.14291821,64.35784346,64.87873808,82.61942938,58.15677214,3.865899498,16.6776324,7.444051386,8.379046485,8.564996019,23142.80445,6.970564227,10.91624203,52901.12135,25.97365638,15.14960134,49.88343216,28.53783704
Illinois,17,4447291,1285,15.87952794,21.53969693,20.72923303,30.80811586,71.67457443,5.234071618,9.780746616,5.430645038,68.72575838,72.7535486,57.38347671,5.913277431,31.26713037,26.137246,18.01079727,58.69636939,10.49886634,34.45742478,2.978678458,26.40627155,77.6682627,12.2695212,33.31019043,85.07154164,12.49591342,35.43098581,3.177081576,16.11061878,12801539,102,8.183010785,14.81113905,27.96741307,8.293195138,21.40345099,26.08176705,80.63053149,75.06910074,85.82873279,64.39231718,5.896583616,17.96440959,9.814729185,12.39582739,9.294538485,287089.3271,4.440896035,14.92485779,63225.55738,22.85747831,14.61749247,50.85129218,11.27380346
Indiana,18,1827324,514,14.11958416,24.79070805,17.79741075,31.25708643,74.47310045,5.767083779,10.93575441,6.528651131,66.84797469,70.48491439,60.80612108,7.437808019,31.91634762,27.08256352,22.83171742,59.28764948,11.59839443,36.72859958,3.007608667,27.38744465,74.83584838,14.03245106,33.9756515,79.17385986,13.31671236,36.25032933,3.52771167,20.57250433,6633053,92,7.965109427,19.51649993,31.9638934,7.584510933,18.09654256,31.10504011,66.59532473,53.98720618,85.13541178,62.19102724,4.456363473,19.27839809,12.29792944,11.47541966,11.05044122,43461.93519,6.911790056,19.15713118,54217.80585,23.75153643,14.94881769,50.70803746,27.06760645
Iowa,19,648301,190,9.356717019,23.9989272,20.69409564,28.33820586,74.64345358,6.056938829,8.505892016,5.904894486,69.18770972,69.44934513,64.39414655,5.851684171,42.08261625,34.13053921,19.43440424,67.75480572,9.296087466,35.46338167,2.656376282,24.099118,78.45159193,12.14258886,32.62472679,84.03488981,10.95990828,30.12160802,2.97730838,15.57485535,3134693,99,6.682616535,15.4480054,31.74694552,8.131039627,20.97893043,22.92684628,73.50493704,64.05730983,90.39403079,69.07104619,3.697629676,14.6224043,15.14922354,9.779996957,9.447004922,15913.15707,5.503888993,7.283500288,57769.47471,23.3110866,16.40399873,50.26246589,35.03810309
Kansas,20,1042335,298,16.4935844,22.66867907,16.36363252,29.98061919,73.94249344,5.890431771,9.532127099,5.732362436,66.78957715,71.25181482,62.76011925,6.024036418,32.23012851,32.02451496,19.5829171,65.35977291,9.502304154,37.4812425,2.670311272,24.15428332,77.62324397,11.51671296,31.51811174,82.74076348,10.70830961,32.30918246,2.913181271,15.51533566,2907289,105,6.975146001,16.41914961,32.40264803,7.615676426,17.12686028,30.67306955,75.90505675,56.68511091,86.52519909,62.95420196,4.231299462,14.21801541,13.67854433,9.509942321,9.863829568,30989.85698,8.194461493,8.895137541,57336.66651,24.59167286,15.03094464,50.20243945,25.01294829
Kentucky,21,893095,262,8.070274719,27.53717992,18.20109619,37.49400556,76.93880472,6.357487501,12.00863637,7.486759079,75.53280032,73.46788628,67.04812579,8.917408562,41.74872001,36.24318365,22.37283648,63.38848376,10.96913262,36.18917327,3.012583096,25.93239151,81.69480794,13.99171286,33.78549292,85.81005403,13.91031984,38.45891423,3.399897883,18.49114473,4436974,120,8.843608084,21.01952851,33.62707221,7.38655444,15.94976604,39.29260164,66.43174918,64.07520102,86.32537179,59.6794916,5.284205359,24.65029369,10.69819387,10.43591288,12.73468287,30420.37274,5.610997681,26.83435868,48302.35865,22.77743796,15.56729879,50.71972475,40.78411876
Louisiana,22,1031846,369,16.46660122,25.14013302,17.36090037,38.9745023,79.34963473,5.577917732,9.536825553,6.792618278,73.11887365,72.52581354,61.56145859,7.314413294,25.94857062,27.77186915,21.46031462,54.45380183,13.09703425,36.63731148,3.343411808,29.03680249,81.07278286,13.87743268,36.16803758,84.9267506,13.49780723,39.39083419,4.113947721,19.79125829,4681666,64,10.70866563,19.81774134,34.65290098,6.926469957,18.31964803,39.67042843,65.46073612,53.16483536,82.79521339,62.26417489,6.179246767,28.54795028,9.653500404,9.636857072,12.08008788,33660.54493,9.478325152,17.96835641,46696.33956,23.79385885,14.40604691,51.09924544,26.2824486
Maine,23,66194,20,11.47069523,25.91033326,19.41347554,27.59557513,71.80859746,6.359938967,11.37301568,5.575984228,69.80378886,76.28541711,72.58704414,6.0273907,42.43876182,34.17817174,16.50011028,66.3777004,7.956298154,35.0118198,2.432078436,17.7538508,78.03039701,12.8657975,26.29021361,82.93593226,10.707123,31.5481388,2.661359036,12.67628184,1331479,16,6.877692247,16.55983948,28.97968928,7.804524067,19.83629515,18.12245165,111.2402371,59.85824897,88.66025895,69.01364935,3.9040903,16.72798234,11.12711338,7.855826115,9.881388816,20589.8922,3.830990593,20.77305108,53526.27861,19.13015526,19.35314038,50.98796151,60.99151244
Maryland,24,620939,199,12.97617979,26.87813425,16.54026289,38.6294607,77.15624449,5.494706726,12.40872227,6.482577033,76.77940571,75.35120406,64.40475618,7.372856432,34.3352318,32.72483819,22.28727669,54.35961214,13.50548991,34.87820865,3.385470553,29.11589931,83.76109376,14.11866125,35.81069235, ,12.54679252,43.32224727,4.295836306,19.91304621,6016447,24,8.555654954,13.03552518,29.18445622,8.43866488,16.60762892,20.58626409,88.01531351,75.69251369,84.93579817,63.38834393,4.322757127,13.29736045,8.907734957,10.41057865,10.39905802,67896.68147,3.379858889,24.34021093,80835.78179,22.41735031,14.5635788,51.55835329,12.65388551
Massachusetts,25,1860956,484,10.93820826,22.26056516,19.07694336,28.30137392,73.41111703,5.321339247,11.46221313,5.638775285,75.68452355,73.00660445,64.17273799,6.397995815,28.04253249,26.51584804,19.05044757,63.74135133,9.750685239,32.59601071,2.738794093,24.29768114,82.62500559,14.55642455,26.71193763,83.76533889,12.4258048,36.93464843,2.964243056,19.63965929,6811779,14,7.53794837,14.13836182,24.31483482,8.582591464,21.05637613,12.40631793,104.8955086,99.00497473,90.5253048,74.64163001,3.720186182,13.85061308,9.382072978,9.148525385,9.301848577,80975.83588,4.053051603,25.72759953,76035.88492,20.23116135,15.7662778,51.47154657,7.880488895
Michigan,26,2225006,724,14.15940546,30.24164492,18.19000524,36.45253631,75.25600277,6.339495624,11.90950254,7.155619625,73.32401328,73.60934357,62.75752375,9.000520448,28.99702828,27.25925436,23.28969396,62.71585928,12.48475721,37.83025385,3.54281548,27.48297569,81.16653618,15.18360252,36.86047831,84.67369513,15.38056913,41.44566509,4.285550106,18.04857519,9928300,83,8.278501821,18.066944,31.31831677,7.584307485,20.91578053,24.04497723,79.81676858,72.2077296,85.5038781,64.16813936,4.998720488,20.49680251,9.853864292,10.23910198,10.46763953,112088.2264,6.290740814,20.15981505,54324.18907,22.06880332,16.2339474,50.79977438,25.27256215
Minnesota,27,1089883,310,9.775392037,18.92320589,22.04068106,23.97035874,72.53239696,5.367965828,8.351370652,4.645961998,67.41105247,70.92478083,66.53211372,4.251326243,37.36163588,35.42940417,17.08280302,70.04484124,7.476663458,30.25301285,2.464976699,18.10302473,81.18131891,10.62381678,26.72426738,83.14607972,9.421904186,30.58867034,2.55693657,12.27273038,5519952,87,6.459997422,14.23121224,27.2419719,8.489585091,23.18360119,17.32193232,90.06763448,69.40277687,88.5390694,63.40118417,3.924362279,12.7765392,12.94995281,10.53630791,8.00770148,45110.12949,5.583480907,9.694980191,67281.36887,23.33956889,15.0767253,50.22366137,26.0018585
Mississippi,28,241306,75,21.49603408,28.15380637,11.72632384,43.1941195,78.14578585,5.285365884,9.915663929,6.826214433,77.22770631,71.23042485,55.79480701,7.443007219,30.71925522,25.42171973,22.66859506,52.67105004,14.07390367,35.18556936,3.576396774,32.15840551,77.51635351,15.19752555,42.62883061,86.93769198,14.75600814,40.08058357,4.610530198,25.29968215,2988726,82,11.49750061,19.81859685,35.23945982,6.064742402,13.53202516,43.52490639,53.15615722,45.73855254,84.08637892,57.651405,5.972011859,30.16420682,12.3352916,9.629642396,13.94035636,16910.11698,10.58588503,9.180384793,43170.26003,24.13362751,15.08806762,51.52476339,50.06299741
Missouri,29,1411039,427,15.85469771,26.62599085,18.72957913,32.15405811,75.60593825,5.926676725,10.3646496,6.163806103,71.01290708,71.51184872,62.43923166,7.555637512,35.77673076,33.70023004,22.99302365,58.31459414,10.93170196,36.10445686,2.928348685,25.63428417,77.7963658,14.49102016,33.49819608,81.89277639,14.05657824,36.27104332,3.486106266,18.81210172,6093000,115,8.093867961,20.68800392,31.74031968,7.322011784,18.81088312,30.65986531,70.47919348,55.35860805,86.04473532,62.99781454,4.584703216,19.37326135,11.55272832,10.60520053,11.29306983,53941.51069,6.826846739,17.79497921,52879.85974,22.76157886,16.05155096,50.89389463,29.17341051
Montana,30,170955,43,11.71020561,24.31254482,21.94829809,25.74298617,72.44540552,6.656159808,9.166027902,5.674651224,63.58415782,69.16933287,61.31415226,5.927113568,42.18750022,34.81099295,18.59777193,65.39853938,7.858172034,31.43168144,2.575687754,19.53303559,75.97686526,11.69572168,27.55733439,82.55221023,11.19139949,29.49682782,2.778211225,13.87418326,1042520,56,7.262741003,17.19576263,25.00060642,7.653467272,21.69778544,27.4646974,76.59530629,70.59816532,81.58699391,62.53015864,4.243907793,15.90601331,13.87406535,6.774141887,8.144054503,8956.022119,8.167868639,8.664105236,50330.96551,21.83277059,17.74929977,49.6628362,43.72891223
Nebraska,31,667324,214,14.99484688,21.45712607,22.63252798,27.41251896,74.66965882,5.797033825,8.482914746,5.366850885,64.42387806,69.28913616,62.80771724,5.579294915,41.02740858,34.79800367,18.85650928,67.93630291,8.328655196,34.20070161,2.644953875,22.9588281,75.34288606,11.00814672,31.69640025,81.04905069,10.06513882,30.42390383,2.793914051,14.71695653,1907116,93,6.693488097,16.06710785,30.62799326,8.033165838,21.64112766,24.78705576,74.74114467,73.61901474,86.97903069,62.82344221,3.223063905,13.9346077,13.84346961,9.608157238,8.951324303,31144.51352,5.53443325,4.227096136,57804.38847,24.81888884,15.03547765,50.15138041,25.69233891
Nevada,32,1373772,359,17.76835537,22.42297965,17.22756273,26.65519802,69.82439823,5.610366931,8.748230565,6.205789825,67.24626066,71.51055874,57.4093787,6.77194782,32.241997,26.49072634,19.10648048,59.90248294,10.6811262,34.96763611,2.872762802,24.71304096,73.28968526,14.58206558,26.68910904,80.13696996,13.85141173,39.05254525,3.023712086,16.55096399,2940058,17,8.240789911,15.85750229,26.86620631,7.902236282,18.0918004,31.1849799,56.69705538,61.25729389,77.32929814,54.69953905,5.700129831,19.85335143,4.172162727,8.283386552,9.170655885,208877.7678,5.277886693,20.73718497,55329.01474,23.04128014,15.00453392,49.86503668,5.499189048
New Hampshire,33,196059,47,12.58788375,25.74750101,17.78430166,28.43318797,73.93385971,6.356669676,10.73217603,5.762690823,72.01128385,76.23367864,67.86295095,6.833574587,37.56104336,33.00173876,19.72830781,65.54624118,8.983180573,34.60940329,2.609702692,23.86281323,79.41744169,12.91962317,29.02690619, ,12.46962751,35.66053229,2.732169908,18.22173223,1334795,10,6.875093243,14.94240249,27.92767474,8.578322214,19.86254181,12.72869639,91.04601106,71.99607344,90.31429975,70.74458493,2.826469974,8.70590173,10.35581548,8.274308864,9.313889624,21824.12899,4.981617999,30.99880979,71064.14481,19.52269824,16.99167288,50.48977558,39.44030758
New Jersey,34,1178534,304,23.42029487,21.44755001,14.38085104,33.05884514,72.90441642,4.418696024,9.610500927,6.100194903,76.61222621,70.73433715,49.37332372,7.012924362,24.95946006,21.68938987,20.82805774,57.05062018,12.11364246,33.93612895,3.261109904,39.72789338,78.18426995,14.67484137,34.77680915,82.94537595,15.47976342,44.94149621,3.528563707,19.74899706,8944469,21,8.148437138,14.19094006,25.95598098,8.55897553,17.4382846,15.39506275,84.42034786,84.24200525,84.35017498,60.75355663,4.997392138,14.30529382,8.320758658,9.713326895,9.207900391,59906.51279,3.610076103,17.74032413,76377.49642,22.18971299,15.34593054,51.16821356,5.162770341
New Mexico,35,798762,206,12.00881239,24.63075409,15.70256171,26.5216291,71.03201842,5.784954592,10.22960193,5.617464777,60.16194636,71.262602,58.57540381,5.479849442,37.22112406,27.92854467,15.7923429,65.83321515,9.535787757,33.71863521,2.919298489,18.51606912,73.92864833,12.43009858,26.97359026,83.46020041,12.89122041,31.78585211,2.846267098,13.5411011,2081015,33,8.92575751,15.52555678,24.56792378,6.654017919,16.27519128,41.75558849,75.55352213,64.77608173,74.52591128,57.72943521,6.814678185,27.58281584,8.082499293,8.240316624,8.403707806,44108.29319,13.95414609,23.84241153,47216.51406,23.57806167,16.45475886,50.47306242,22.17917485
New York,36,9296084,2462,14.76372774,21.74509583,18.57731101,29.067322,72.98472792,5.279627486,10.82133298,5.771945079,73.7345624,74.76257192,61.64274974,6.221938786,27.21127965,26.81013035,17.17775678,62.02126286,11.58558299,34.59662167,2.99157712,28.72456494,79.89204886,12.78862922,26.24788824,82.64714327,12.69694223,40.09304247,3.22882943,16.75922059,19745289,62,7.939402803,15.04390771,25.07448904,8.381411343,19.70819375,18.02189468,83.22672961,80.64202045,85.19039163,61.12186899,4.880413283,20.51221336,7.909347914,9.494064103,9.567167151,165344.6015,2.238243374,14.57125557,65985.18356,21.17243764,15.35813935,51.44479779,11.71056976
North Carolina,37,2797881,764,17.04047066,20.19131693,16.75446779,30.86979875,72.25341825,5.26840777,8.760897265,5.187617593,73.80443003,75.8685957,66.20275537,5.647301011,37.60895781,35.79425755,17.92447184,63.31088956,9.575787176,32.38194573,2.692603938,21.19545016,81.08092056,12.76551043,31.05144629,86.14305537,10.88838646,34.43709772,2.987295207,15.8446148,10146788,100,8.97213589,17.59057068,29.55236523,7.216222414,17.4140381,29.69457978,70.67806355,54.68725728,89.07013676,67.50830341,5.127259421,21.89562882,11.43401412,9.509909481,11.03071383,52630.9299,6.699790428,15.77926411,52595.16515,22.65465682,15.46760413,51.38410303,32.76274007
North Dakota,38,105549,25,9.345830846,18.38144274,24.83424855,24.22006367,73.16456243,5.352139764,8.788183687,4.657339245,61.09560773,67.70648324,64.69803504,4.304583653,41.01360221,35.73946414,16.49584648,72.66296791,6.587372689,32.00915025,2.184615676,17.59340022,79.1183962,9.811004368,31.97313096,81.6024292,8.024754379,27.20776132,2.227754882,11.18278809,757952,53,6.221452691,16.97880716,31.77628702,8.755390975,24.0750167,24.40109251,75.3436599,64.38402337,86.93907766,68.60641836,3.235672178,11.59166979,15.6422677,7.986146748,8.427658084,5710.610105,6.899965267,4.383885631,60491.14822,23.26149941,14.51266043,48.68091911,39.0471964
Ohio,39,2329754,821,12.97853254,27.40802694,16.48712031,35.20006155,76.27064192,5.665071892,10.91642324,6.999116344,74.24941904,70.38897523,57.83103083,8.784011574,29.30977369,28.15400493,25.56926834,57.96688955,12.72052315,34.43957817,3.336024919,31.21526844,79.17528443,15.58566067,36.15837625,84.40270183,14.69969117,41.61981115,4.126166454,22.63861575,11614373,88,8.510194371,19.85508402,31.56875564,7.35664106,18.13408597,28.07011143,76.56674864,60.39069071,85.3844326,61.15222218,4.990497546,20.53723151,11.25057336,11.87021514,11.50692124,81939.86273,6.774817603,29.68853622,53941.5548,22.4908568,16.24391605,50.9943929,21.84823514
Oklahoma,40,1359743,461,17.20494777,24.39340515,13.26668584,32.82098514,73.91036843,5.839990278,10.11043381,6.313719063,68.45333618,70.54746073,58.99004312,7.002330735,38.79043121,34.09073509,18.85339105,60.25188811,10.25495649,35.93303242,2.888204536,28.68481772,77.5611417,14.28686612,31.10464919,82.68734621,13.63724204,33.85672528,3.258766473,18.38493774,3923561,77,8.018081929,17.47626195,33.1894661,7.127925703,13.43953127,42.74009781,63.03557362,58.69668017,79.60420924,56.2043485,4.932028589,22.46688534,11.52576354,9.653577961,11.63265393,48234.3536,8.538961182,18.92021531,49619.13668,24.50906205,15.04087741,50.45564476,32.95009559
Oregon,41,1332846,336,11.14504526,21.85084578,19.21825605,25.48026261,69.41887727,6.057620385,9.901253708,5.367870557,60.95646691,70.43190811,65.21248524,5.745977255,33.26719088,29.53143859,17.28007159,68.3591553,8.099866151,33.80528591,2.623388974,15.82634513,75.35947431,12.81821426,26.01506168,82.02048054,11.14254107,31.33107283,2.711963573,13.65375085,4093465,36,6.285829582,15.04690538,27.24326459,7.740557523,19.80551354,22.36496383,93.44546745,78.61310461,87.07334935,61.09783321,4.945621247,17.4058084,10.23581556,8.506835725,9.308737659,51140.88888,5.305772552,12.30723353,58885.44378,21.22228967,16.82872579,50.48180453,18.64052719
Pennsylvania,42,2290517,631,13.93705853,26.78405102,20.26880621,33.02035671,75.23235326,5.611036373,11.45855927,6.568497854,72.79341315,70.57509549,60.14044174,7.246184115,37.82235644,28.36695126,22.42785812,54.74445935,12.08879314,34.9072505,3.276636716,27.82984173,79.5414819,15.32406815,31.21811119,80.95802061,14.70402918,41.74311062,3.920587012,20.78838428,12784227,67,8.057907749,15.95363064,29.57387887,8.062600797,20.80787398,21.62583223,81.23206217,67.50505845,85.73686702,63.70980362,5.494000708,18.34247012,12.12710704,11.27251395,10.61668541,84515.89351,4.551801641,27.61221102,58523.96406,20.92269638,17.39425465,51.02407052,21.04374936
Rhode Island,44,412246,98,12.70802919,25.28310596,16.21958151,31.31732315,76.2802043,6.034953887,12.1765441,6.160130359,80.67885462,75.33818691,65.26217016,7.327902757,36.1591557,29.47054987,18.94040258,67.54968708,10.20276679,33.41349291,2.80030637,28.90752803,83.47390102,15.06307084,29.16344125, ,13.88535923,39.59374403,3.007093337,15.46412724,1056426,5,7.403082704,15.23103371,27.24340247,8.045293471,19.13355845,18.1416566,95.80461621,63.23206826,87.73460388,67.41426908,5.339969116,18.37962564,10.04480917,8.021332019,9.314867487,56598.99395,4.699168194,27.87312255,59324.39977,19.72509196,16.46722061,51.43237671,9.234138523
South Carolina,45,480699,167,15.71179886,23.32473294,19.78903181,30.99167878,72.53271569,5.380712254,9.28712812,5.13252784,64.67357723,72.8396533,67.63539429,5.964453431,41.40795675,33.67360698,18.0754909,60.63928716,10.20058706,33.40751115,2.683902192,24.30658791,80.17483872,14.33600486,30.84596369,83.32228318,12.18480338,36.05196121,3.018991926,14.73361813,4961119,46,9.642151821,17.37204246,31.93315121,7.25600416,18.16837884,32.83634568,67.44601788,52.87113678,86.36538776,67.4818205,4.894439255,23.20029622,11.7872445,9.779140774,12.50200046,32122.75751,9.129016639,15.47999268,50067.2435,22.12446426,16.73477294,51.46389353,32.7462192
South Dakota,46,221790,56,11.27052482,23.51217683,19.42742279,27.21980207,74.69247171,6.402750349,8.02726994,5.931139366,68.85022769,71.3047581,65.52048424,5.592166464,44.22515533,41.34717255,19.05150638,69.99255151,7.93499211,31.56331259,2.561010866,18.89573741,80.40706389,10.72706254,30.38041841,82.41402633,10.49044727,26.91707877,2.778557194,13.35266333,865454,66,6.299635244,16.43278253,30.64603052,7.656101306,19.13325456,29.14739682,77.52025123,58.35087684,83.83418804,64.31082397,2.944109409,15.83511648,16.45136864,8.13684078,9.212890344,7481.700137,10.34355623,3.733359897,54951.657,24.64452183,16.03840297,49.5903884,40.98608905
Tennessee,47,1835967,511,17.12457953,26.78341539,14.31076228,36.7977072,76.15711388,5.362850748,11.00711701,6.193261317,70.38716758,74.09604677,63.02211548,8.083160917,28.30072311,31.91733615,23.55547943,56.83132279,11.90143429,35.8094829,3.066658987,28.64573731,80.73442949,15.09132751,35.56291872,83.88926887,14.80839912,40.15617884,3.722597247,19.49124728,6651194,95,9.024791501,20.88366516,32.34417804,7.207873113,14.68418541,35.73203262,72.40417123,52.8175841,86.58883273,62.89266857,4.898325836,22.76851928,11.32231119,10.13093709,12.72744358,54563.98774,8.429296265,21.52805933,50440.38166,22.57932937,15.74231634,51.2491291,33.01639955
Texas,48,12323474,2961,26.44483847,19.93561566,17.36804455,29.46619632,72.26541384,4.86970885,8.815275327,5.478731825,67.67034743,69.26885399,57.3721399,5.464015715,30.62501839,28.51156537,17.03403838,56.4681673,11.41959147,35.74329139,2.9099699,28.32396044,77.06661249,12.66486688,33.50804265,81.28571185,12.60392314,34.83349842,2.896020497,15.34223678,27862596,254,8.29180318,14.56891432,28.44160874,7.172568026,18.54576583,40.56469615,59.94258264,55.85265809,83.82262922,57.95344222,4.69837534,22.08957208,7.633783268,10.15824536,9.641386004,233230.3148,8.573108508,9.098991335,57756.40121,26.18057198,12.03491591,50.35842317,14.79858263
Utah,49,930747,233,15.40513362,18.88473388,13.10017728,22.65109788,64.41529932,4.989741143,9.080614066,4.272668727,59.3120255,62.22453792,65.76081545,4.46809885,32.1836772,30.16556465,11.03530175,68.72676141,7.502515936,32.1190346,2.44118219,17.6946832,75.77473803,12.82894686,27.11690524,77.48041294,10.52447572,31.37569178,2.334600595,13.06304603,3051217,29,7.044357707,8.663848552,25.32662813,7.834267802,13.15697861,21.61160921,57.37247131,67.18630585,86.54464023,59.33846294,3.467551472,11.17024908,3.466987563,8.511445302,7.007813767,74069.41633,5.822581219,20.49686846,66753.60842,30.21001128,10.52576726,49.662905,9.260245887
Vermont,50,42417,11,8.484343542,18.02617347,21.56366551,19.26811891,64.80506636,4.729195841,10.86644741,4.139283778,62.42597072,63.95387934,68.00692411,4.7974067,38.15241295,30.77902256,15.43923427,70.59354268,5.682143952,25.34026216,2.105884433,16.05604357,78.16366551,13.67350591,22.07935733, ,9.725579367,28.63226537,2.086239008,14.21914563,624594,14,6.598071403,14.79324653,24.68624675,8.277776604,21.0501492,15.50097405,112.5012262,68.20430579,90.68006221,68.48947562,3.298213215,13.44082684,13.31701052,7.687016046,7.901575583,8949.563925,3.270001843,15.38789277,57331.97559,18.97680733,18.08086533,50.61335844,60.82183038
Virginia,51,1918055,499,14.08875178,24.104785,17.67063087,32.5850596,75.03639233,5.546811953,9.347570273,5.41067644,74.86342774,76.38695955,67.63400685,5.95164294,37.87975605,35.68384342,18.78777319,67.09388349,10.49213365,33.51811841,2.708859809,23.28679725,82.71106491,12.50549249,31.74877415,84.49431966,11.41771821,39.00914181,3.073048948,15.11867522,8411808,133,7.960826366,15.22574598,28.20237582,8.217658261,17.87562648,21.57249962,75.99275579,66.94161398,85.2592025,62.1045747,4.099681163,15.01159179,11.23827496,8.998925784,9.669628872,23630.72725,4.203508149,12.70219732,74546.14346,22.23211704,14.60737097,50.82134542,23.7963929
Washington,53,2081337,503,10.7387856,22.2327144,17.54308961,27.10163054,66.62255036,5.960212114,9.797935462,5.303915608,60.98303398,70.82570247,65.44309879,5.687483286,38.14758754,33.92180723,14.96617785,66.66301627,8.626332305,34.80732755,2.726315681,17.15570847,77.23670588,12.04581382,27.46754615, ,11.28798138,32.16826862,2.721484171,12.28258461,7288000,39,6.306436445,12.91100115,27.0357914,7.916494704,18.73395543,20.84931464,83.15620378,79.74753059,86.21219044,60.87816828,5.55601614,13.62452772,8.955178131,8.126037623,8.50026095,116433.741,5.488298319,14.53718173,68949.29524,22.35864435,14.83346597,50.03567508,15.58093863
West Virginia,54,51351,22,8.748630017,35.22320695,12.51875523,39.52598781,80.57860996,7.245617417,10.85681681,8.910295807,80.61243403,81.08838582,70.01627816,10.32995463,46.96765399,39.5062511,21.88906545,61.96326264,13.47824385,37.08835466,3.286697435,25.33482503,80.70406419,14.54309945,37.09166131,86.20916048,15.64687348,39.61257814,3.747535588,22.48752507,1831102,55,9.32092952,22.13184308,35.45539222,7.52007354,12.62971724,39.7442554,78.56671038,52.15438491,84.07232961,58.35613701,6.19832571,23.93304032,12.98145479,9.868120509,13.85189208,9553.221131,6.550197138,38.89503009,44217.50582,20.48318444,18.76012369,50.52471135,50.85848486
Wisconsin,55,1253415,400,15.02662183,22.31297272,24.02905901,30.43167674,70.59087732,5.328992951,10.1379875,5.602092683,70.05083991,70.769239,63.87994296,6.07755859,27.08628236,27.45958936,20.27049277,63.90982971,10.17684941,33.54844389,2.871912655,23.94371026,80.16815875,13.94822146,34.09341423,84.4913758,12.67753298,36.21765943,3.182052393,17.67757167,5778708,72,7.04823998,15.77633224,30.54574692,8.276118208,25.35606939,20.23809184,80.30131475,65.96630262,90.57670715,71.55302822,4.183334772,15.50880775,11.63608492,9.787272813,8.898848964,41403.85021,4.778698838,15.23899226,58624.77078,22.2834066,16.06618642,50.27563255,29.54583137
Wyoming,56,59466,16,14.92022332,25.8678993,16.40889079,29.79753473,73.76469579,6.517041671,8.618666129,5.75593112,64.1024266,73.68171392,60.50743618,6.239277907,34.46477819,30.03897521,19.74571352,69.18563549,8.646261729,35.20054485,2.543108667,23.76019742,72.80923553,11.69224767,29.17085898,79.48542024,11.37232032,33.08505028,2.701851478,14.31359264,585501,23,8.586412722,16.70212523,28.64131231,7.778798328,18.73999183,32.42982581,66.77177447,64.21850614,76.77291799,55.97771502,5.320876858,11.68139422,13.30554901,6.731533849,8.562253523,5630.690622,8.721757568,15.42337493,61800.09463,23.72344368,14.99775406,48.94252956,34.92614594
